{"cameraMode":{"drawMode":0,"name":"Shaded","section":"Shading Mode"},"sceneLighting":false,"audioPlay":false,"sceneViewState":{"m_AlwaysRefresh":false,"showFog":true,"showSkybox":false,"showFlares":true,"showImageEffects":true,"showParticleSystems":true,"showVisualEffectGraphs":true,"m_FxEnabled":true},"in2DMode":false,"pivot":{"x":-0.7200000286102295,"y":2.382999897003174,"z":-0.7020000219345093},"rotation":{"x":0.10797514766454697,"y":0.3126205503940582,"z":-0.03579394519329071,"w":0.9430424571037293},"size":0.25980764627456667,"orthographic":false}